תאור הסניף,כתובת,עיר,מנהל איזור
"נמל ת""א",מבנה 8 יחידה 18,תל אביב,אלמוג
זכרון,המרכז המסחרי מול זכרון,זכרון יעקוב,מאיה
ביאליק 3,ביאליק 3,תל אביב,אלמוג
ממילא,שלמה המלך 9,ירושליים,ניסים
פולג(גנדן) - נתניה,מתחם ביג גנדן,נתניה,מאיה
עפולה,"G בעמק, יצחק רבין 81, דרך בית חולים העמק",עפולה,אדם
דיזנגוף סנטר,דיזינגוף 50,תל אביב,אלמוג
מול הים,"הפלמ""ח 1 - קניון מול הים",אילת,ישראל
נצרת,קניות BIG נצרת,נצרת,אדם
גרנד קניון חיפה,"דרך שמחה גולן 54, חיפה",חיפה,מאיה
רחובות,בילו 2,רחובות,ליאן
שבעת הכוכבים,"שדרות שבעת הכוכבים 8, הרצליה",הרצליה,מאיה
אשדוד - סטאר סנטר,ז'בוטינסקי 45,אשדוד,ליאן
קרית אונו,שלמה המלך 37,קרית אונו,חוסאם
רננים,המלאכה 2,רעננה,מאיה
סינמה סיטי ראשון לציון,משה דיין פינ אברהם מר,ראשון לציון,אלמוג
אור יהודה - עודפים,שד'  אליהו סעדון 120,אור יהודה,חוסאם
שדרות,מול 7 שדרות מנחם בגין,שדרות,ליאן
חוצות המפרץ,הנחושת צומת וולקן,חוצות המפרץ,אדם
ישפרו סנטר מודיעין,ישפרו סנטר - המלאכות 121,מודיעין,ניסים
אאוטלט הרצליה,מדינת היהודים 85,הרצליה,מאיה
יס פלאנט באר שבע,מתחם יס פלאנט קרית יהודית,באר שבע,ליאן
ביג טבריה,לקניון ביג פשן דנילוף,טבריה,אדם
קריון,"דרך עכו 192, קרית ביאליק",קרית ביאליק,אדם
G כפר סבא,מרכז G כפר סבא ויצמן 301,כפר סבא,חוסאם
מלחה - ירושלים,"בית""ר 1, שכונת מלחה",ירושלים,ניסים
הדר ירושלים,גנרל פייר קינג 26,ירושלים,ניסים
ת. מרכזית י-ם עודפים,"דרך יפו 228, תחנה מרכזית ירושלים",ירושלים,ניסים
ביג אילת,"הסתת 20, ביג אילת",אילת,ישראל
נוף הגליל,"גלבוע 1, קניון מול הרים נוף הגליל",נצרת עילית,אדם
נהריה,שדרות בן צבי 1,נהריה,אדם
חולון אאוטלט,הפלד  9,חולון,ליאן
מודיעין עזריאלי,לב  העיר 2 קניון עזריאלי- מודיעין.,מודיעין,ניסים
אמות באר שבע,חיל ההנדסה 1,באר שבע,ליאן
דליית אל כרמל,דליית אל כרמל,דליית אל כרמל,חוסאם
בוטיק אילת,"גן בניימין 1 חנות מספר 5, מרכז חופית",אילת,ישראל
שרונים,הרקון 2,הוד השרון,מאיה
אשקלון סילבר,צומת סילבר,אשקלון,ליאן
כפר סבא הירוקה,"רפפורט 3, קניון כפר סבא הירוקה",כפר סבא,חוסאם
מגדל,מגדל,מגדל,אדם
שער הצפון,דרך חיפה 30,קרית אתא,אדם
שער בנימין,מגרש 700,שער בנימין,ניסים
הרצל נתניה,הרצל 10,נתניה,מאיה
אירפורט סיטי,"גולן 1, קריית שדה התעופה",קריית שדה התעופה,חוסאם
ראשונים,שדרות נים 2,ראשון לציון,אלמוג
שפיים,מתחם שפיים,שפיים,מאיה
מרום נווה,חיים לנדאו 7,מרום נוה,חוסאם
ביג יקנעם,שדרות יצחק רבין 9,יקנעם עילית,חוסאם
קדימה,האופה 1,קדימה צורן,מאיה
צמח,צומת צמח,צמח,אדם
הרודס אילת,הרודס,אילת,ישראל
ביאליק רמת גן,ביאליק 76,רמת גן,חוסאם
בית חנינה,בית חנינה,בית חנינה,חוסאם
סי מול אשדוד,הגדוד העברי 6,אשדוד,ליאן
ראש פינה,"התפוח 3, ראש פינה",ראש פינה,אדם
טייבה,מתחם SEVEN,טייבה,חוסאם
מיגייט גאולה,יחזקאל 6,ירושלים,ניסים
עד הלום כאסח,צומת על הלום,אשדוד,ליאן
HOKA שבעת הכוכבים אילת,דרך הערבה 7,אילת,ישראל
CROCS שבעת הכוכבים אילת,דרך הערבה 7,אילת,ישראל
בארות יצחק - כאסח,מבנה בארות יצחק,בארות יצחק,חוסאם
מעלה אדומים,דרך קדם 5,מעלה אומים,ניסים
באקה אלג'רביה כאסח,מרכז מסחרי,באקה אלג'רביה,חוסאם
דודג' סנטר,דרך אריאל שרון 4,נוף הגליל,אדם
CROCS דיזנגוף סנטר,דיזנגוף 50,תל אביב,אלמוג
וילג' חדרה,שכטמן 10,חדרה,מאיה
עזריאלי חיפה,פלימן משה 4,חיפה,מאיה
מלכת שבא,"טיילת הילטון ליד הגשר, אילת",אילת,ישראל
ים המלח,"קניון ים המלח, עין בוקק",ים המלח,חוסאם
ערד,הקנאים 27,ערד,ליאן
דימונה,בעלי המלאכה 20,דימונה,ליאן
WESHOES גלילות,"ביג פאשן, גלילות",גלילות,מאיה
CROCS גלילות,"ביג פאשן, גלילות",גלילות,מאיה
כרמי גת,דרך הדרום 3,כרמי גת,ליאן
סבן רהט,מתחם סבן רהט,רהט,חוסאם
חונים קונים כאסח,מתחם חונים קונים,ראשון לציון,אלמוג
TLV,קרליבך 4,תל אביב,אלמוג
חולון עזריאלי,גולדה מאיר 7,חולון,אלמוג
איילון,אבא הילל סילבר 301 רמת גן,"ר""ג",חוסאם
באר יעקב,שא נס 17,באר יעקב,אלמוג
קרית גת סלומון כאסח,דרך הדרום 20,קרית גת,ליאן
פרינדלי סביונים,משה דיין 3,יהוד מונסון,ניסים
ביג החורש,כפר החורש,כפר החורש,אדם
צים מעלות,חרושת 2,מעלות,אדם
פסגת זאב כאסח,קניון לב הפסגה,פסגת זאב,ניסים
ביג רגבה כאסח,רגבה מתחם ביג,רגבה,אדם
מצפה רמון,שדרות דוד בן גוריון 2,מצפה רמון,ליאן
גן יבנה,המגינים 56,גן יבנה,ליאן
מיגייט בית שמש,סאן מול,בית שמש,ניסים
כרמיאל,מעלה כמון 2 א.ת כרמיאל,כרמיאל,אדם
הקניון הגדול פתח תקווה,ז'בוטינסקי 72,"פ""ת",מאיה
"קרוקס ביל""ו","צומת ביל""ו",קרית עקרון,ליאן
הזהב,דוד סחרוב 21 א.ת,"ראשל""צ",אלמוג
קניון לב חדרה,רוטשילד 40,חדרה,מאיה
קניון בת ים,יוספטל 92,בת ים,אלמוג
איכילוב מרכז ויצמן תל אביב,רח' ויצמן 14,"ת""א",אלמוג
קרוקס בני ברק,רבי עקיבא 114,בני-ברק,אלמוג
קרוקס חוצות המפרץ,"רחוב החרושת, צומת וולקן",קרית חיים,אדם
גבעתיים,גבעתיים,גבעתיים,אלמוג
קרית שמונה,נחמיה הנשיא 4,קרית שמונה,אדם
עיר ימים,בני ברמן 2 פולג,נתניה,מאיה
פארק הקרח,קאמפן 8 אילת,אילת,ישראל
בית שמש,שדרות יגאל אלון 1 בית שמש,,ניסים
"גרנד ב""ש",שדרות טוביהו 125,באר שבע,ליאן
הדסה,עין כרם,ירושלים,ניסים
טמרה,קניון טמרה,טמרה,אדם
סחנין,קניון סחנין,סחנין,אדם
ביג אשדוד,תחנת הרכבת אשדוד,אשדוד,ליאן
מיי בייבי,מרכז מסחרי מיי בייבי - ירכא,ירכא,אדם
ביג ירכא אאוטלט,ביג ירכא אאוטלט,ירכא,אדם
כרכור,"מתחם עין שמר, פרדס חנה כרכור",פדרס חנה כרכור,מאיה
WEBAGS ביג ירכא,ביג פאשן,ירכא,אדם
WEBAGS עפולה,יצחק רבין 18,עפולה,אדם
WEBAGS דוכן פארק הקרח אילת לא פע,קאמפן 8,אילת,ישראל
WEBAGS שבעת הכוכבים אילת,דרך הערבה 7,אילת,ישראל
WESHOES מבשרת ציון,"הראל 1, מבשרת",מבשרת ציון,ניסים
Webags חוצות,חוצות המפרץ,חיפה,אדם
